<?xml version="1.0" encoding="UTF-8"?>
<b:beans xmlns:b="http://www.springframework.org/schema/beans"
	xmlns:xsi="http://www.w3.org/2001/XMLSchema-instance" 
	xmlns="http://www.springframework.org/schema/security"
	xsi:schemaLocation="http://www.springframework.org/schema/beans 
							http://www.springframework.org/schema/beans/spring-beans-3.0.xsd
							http://www.springframework.org/schema/security 
							http://www.springframework.org/schema/security/spring-security.xsd">


	<http>
		<csrf disabled="true"/>
		<intercept-url pattern="/registration" access="permitAll" />
		<intercept-url pattern="/fillUsers" access="permitAll" />
		<!--<intercept-url pattern="/images/**" access="permitAll" /> -->

		<intercept-url pattern="/**" access="hasRole('USER')" />
		<intercept-url pattern="/**" access="hasRole('USER') or hasRole('ADMIN')" />
		<intercept-url pattern="/**" access="authenticated" />
		<intercept-url pattern="/delete" access="hasRole('ADMIN')" />

		<form-login login-page="/registration" default-target-url='/' always-use-default-target='true' />
		<logout logout-url="/logout" />
	</http>

	<authentication-manager>
		<authentication-provider>
			<password-encoder hash="bcrypt" />
			<jdbc-user-service data-source-ref="dataSource"
 
		       users-by-username-query="
		        SELECT username, password, CASE enabled WHEN 1 THEN 'true' ELSE 'false' END 'enabled'
		        FROM users
		        WHERE username=?;"
 
		       authorities-by-username-query="
		       	SELECT u.username, ur.role
				FROM users u
				INNER JOIN users_user_roles u2r ON u.id = u2r.users_id
				INNER JOIN user_roles ur        ON u2r.userRoles_id = ur.id
				WHERE u.username=?;"
	        />
		</authentication-provider>
	</authentication-manager>
</b:beans>